Date,Open,High,Low,Close,Volume,Stock
2023-11-07,324.0,340.0,322.0,337.1499938964844,822026,HONASA.BO
2023-11-08,337.45001220703125,339.79998779296875,320.6499938964844,322.29998779296875,228528,HONASA.BO
2023-11-09,317.54998779296875,318.20001220703125,298.45001220703125,302.1499938964844,102643,HONASA.BO
2023-11-10,291.5,329.0,256.1000061035156,319.5,956074,HONASA.BO
2023-11-13,316.25,329.70001220703125,312.54998779296875,318.3500061035156,84959,HONASA.BO
2023-11-15,320.04998779296875,324.0,309.45001220703125,314.95001220703125,187536,HONASA.BO
2023-11-16,314.95001220703125,334.3999938964844,310.6000061035156,332.20001220703125,387156,HONASA.BO
2023-11-17,326.3500061035156,342.3999938964844,326.3500061035156,332.1000061035156,294202,HONASA.BO
2023-11-20,328.29998779296875,374.9500122070313,328.29998779296875,350.45001220703125,256471,HONASA.BO
2023-11-21,349.04998779296875,370.0,345.8500061035156,366.9500122070313,442911,HONASA.BO
2023-11-22,367.0,383.7999877929688,330.8500061035156,352.1000061035156,328766,HONASA.BO
2023-11-23,380.1000061035156,422.5,371.75,422.5,503116,HONASA.BO
2023-11-24,450.0499877929688,487.0,442.8500061035156,475.1000061035156,940000,HONASA.BO
2023-11-28,469.8500061035156,469.8500061035156,440.0,444.0,264390,HONASA.BO
2023-11-29,443.9500122070313,444.0,421.0,425.5499877929688,56084,HONASA.BO
2023-11-30,422.9500122070313,425.5,405.0499877929688,413.5499877929688,47497,HONASA.BO
2023-12-01,409.8999938964844,413.25,397.0,399.6499938964844,22421,HONASA.BO
2023-12-04,405.0499877929688,410.0,381.1499938964844,383.5,28328,HONASA.BO
2023-12-05,378.2999877929688,406.1499938964844,359.1000061035156,363.8500061035156,207661,HONASA.BO
2023-12-06,365.0,384.75,365.0,380.8999938964844,232555,HONASA.BO
2023-12-07,381.0,393.6499938964844,376.9500122070313,390.25,75246,HONASA.BO
2023-12-08,391.6000061035156,412.2000122070313,386.3999938964844,400.0499877929688,99720,HONASA.BO
2023-12-11,400.0499877929688,410.0,396.2999877929688,407.3999938964844,95885,HONASA.BO
2023-12-12,408.0499877929688,424.0,407.7999877929688,416.8999938964844,147548,HONASA.BO
2023-12-13,418.0,423.0,384.5499877929688,387.6499938964844,156108,HONASA.BO
2023-12-14,394.7000122070313,398.25,382.6499938964844,385.2999877929688,107146,HONASA.BO
2023-12-15,387.7999877929688,412.3500061035156,387.7999877929688,406.75,174068,HONASA.BO
2023-12-18,409.0,411.6499938964844,398.2999877929688,408.1499938964844,68651,HONASA.BO
2023-12-19,409.0,422.0,406.4500122070313,420.7000122070313,46594,HONASA.BO
2023-12-20,421.6499938964844,427.8500061035156,393.5,405.4500122070313,115640,HONASA.BO
2023-12-21,390.5499877929688,414.0,390.5499877929688,412.1000061035156,39643,HONASA.BO
2023-12-22,411.0499877929688,443.6000061035156,411.0499877929688,425.0499877929688,123557,HONASA.BO
2023-12-26,427.0499877929688,443.5499877929688,427.0499877929688,436.5499877929688,64813,HONASA.BO
2023-12-27,436.3999938964844,465.0,435.0,461.3500061035156,220054,HONASA.BO
2023-12-28,464.0499877929688,472.4500122070313,448.2999877929688,460.3500061035156,96577,HONASA.BO
2023-12-29,461.1499938964844,462.4500122070313,435.75,440.5,82063,HONASA.BO
2024-01-01,440.5499877929688,447.2999877929688,423.5,426.25,26898,HONASA.BO
2024-01-02,431.7000122070313,435.9500122070313,417.4500122070313,430.9500122070313,46508,HONASA.BO
2024-01-03,435.0499877929688,444.2999877929688,419.7999877929688,442.5,28647,HONASA.BO
2024-01-04,449.5,463.5,444.2999877929688,454.4500122070313,87559,HONASA.BO
2024-01-05,458.75,467.5,442.2999877929688,444.3999938964844,53191,HONASA.BO
2024-01-08,449.7999877929688,488.7999877929688,436.5499877929688,474.1000061035156,158288,HONASA.BO
2024-01-09,474.3999938964844,502.8999938964844,460.0499877929688,462.3999938964844,219866,HONASA.BO
2024-01-10,463.5,492.4500122070313,462.3999938964844,470.0,182626,HONASA.BO
2024-01-11,472.2999877929688,475.0,462.4500122070313,468.0,61538,HONASA.BO
2024-01-12,473.2999877929688,477.25,467.0,474.0499877929688,21817,HONASA.BO
2024-01-15,477.5,482.7000122070313,467.0,474.0,46910,HONASA.BO
2024-01-16,476.6499938964844,476.6499938964844,450.25,458.2999877929688,25396,HONASA.BO
2024-01-17,458.8999938964844,470.0,449.4500122070313,455.3999938964844,16694,HONASA.BO
2024-01-19,473.9500122070313,493.5,472.8999938964844,487.6000061035156,100446,HONASA.BO
2024-01-23,478.25,510.75,475.75,485.3999938964844,51945,HONASA.BO
2024-01-24,482.1499938964844,486.2999877929688,466.2999877929688,480.8999938964844,44038,HONASA.BO
2024-01-25,477.0499877929688,499.9500122070313,477.0499877929688,487.5499877929688,21096,HONASA.BO
2024-01-29,494.8999938964844,494.8999938964844,478.5499877929688,481.3999938964844,26671,HONASA.BO
2024-01-30,482.1499938964844,498.4500122070313,471.7000122070313,479.75,20253,HONASA.BO
2024-01-31,479.75,481.25,465.0,468.0499877929688,16689,HONASA.BO
2024-02-01,467.8500061035156,467.8500061035156,440.25,442.75,69173,HONASA.BO
2024-02-02,441.7999877929688,449.3999938964844,429.0,436.1499938964844,23657,HONASA.BO
2024-02-05,442.7999877929688,448.1499938964844,435.5,439.7000122070313,14686,HONASA.BO
2024-02-06,439.5499877929688,443.25,430.5499877929688,433.0,21912,HONASA.BO
2024-02-07,441.8500061035156,441.8500061035156,426.0,428.7999877929688,24713,HONASA.BO
2024-02-08,434.9500122070313,434.9500122070313,414.4500122070313,417.9500122070313,17654,HONASA.BO
2024-02-09,419.9500122070313,436.7000122070313,412.8999938964844,432.75,68054,HONASA.BO
2024-02-12,454.9500122070313,474.3500061035156,433.0499877929688,438.7999877929688,136020,HONASA.BO
2024-02-13,449.75,450.0,415.9500122070313,419.2000122070313,93194,HONASA.BO
2024-02-14,424.75,451.75,417.9500122070313,440.7000122070313,35190,HONASA.BO
2024-02-15,442.3999938964844,448.2999877929688,434.1000061035156,446.7000122070313,43648,HONASA.BO
2024-02-16,448.8999938964844,452.0,441.4500122070313,445.4500122070313,21685,HONASA.BO
2024-02-19,440.5499877929688,446.2999877929688,435.3999938964844,439.0499877929688,26339,HONASA.BO
2024-02-20,444.9500122070313,444.9500122070313,425.6499938964844,433.5,24741,HONASA.BO
2024-02-21,433.5,442.25,429.4500122070313,431.8999938964844,30271,HONASA.BO
2024-02-22,431.2000122070313,440.2999877929688,430.1499938964844,433.1000061035156,8099,HONASA.BO
2024-02-23,447.2000122070313,458.0499877929688,442.8999938964844,445.1000061035156,25566,HONASA.BO
2024-02-26,441.3500061035156,446.7999877929688,430.2000122070313,436.25,21199,HONASA.BO
2024-02-27,436.0,442.75,429.3999938964844,431.25,14130,HONASA.BO
2024-02-28,432.5,436.7999877929688,422.0499877929688,423.6499938964844,15002,HONASA.BO
2024-02-29,429.9500122070313,429.9500122070313,405.7000122070313,413.7999877929688,29251,HONASA.BO
2024-03-01,419.2000122070313,420.8500061035156,410.3500061035156,416.6000061035156,14979,HONASA.BO
2024-03-04,420.3999938964844,420.3999938964844,401.0,404.75,22344,HONASA.BO
2024-03-05,412.1499938964844,417.7000122070313,404.3999938964844,405.6499938964844,8378,HONASA.BO
2024-03-06,406.2999877929688,408.0,388.4500122070313,394.0499877929688,13472,HONASA.BO
2024-03-07,394.6000061035156,398.6499938964844,389.6499938964844,391.9500122070313,26816,HONASA.BO
2024-03-11,393.3999938964844,393.3999938964844,380.8500061035156,383.5,29644,HONASA.BO
2024-03-12,386.0,396.0,375.3500061035156,381.6000061035156,11882,HONASA.BO
2024-03-13,382.3500061035156,383.6000061035156,365.0,378.7000122070313,16263,HONASA.BO
2024-03-14,387.9500122070313,388.3999938964844,376.8500061035156,383.8500061035156,26673,HONASA.BO
2024-03-15,384.5,389.2000122070313,377.3999938964844,379.4500122070313,8998,HONASA.BO
2024-03-18,382.0,387.1000061035156,377.4500122070313,379.7999877929688,18734,HONASA.BO
2024-03-19,379.7000122070313,380.75,361.5499877929688,367.75,23873,HONASA.BO
2024-03-20,368.6499938964844,371.8999938964844,357.8500061035156,366.2000122070313,12435,HONASA.BO
2024-03-21,366.25,372.2000122070313,363.5,368.6499938964844,16418,HONASA.BO
2024-03-22,371.0499877929688,374.7999877929688,368.5,369.7999877929688,6026,HONASA.BO
2024-03-26,368.9500122070313,381.9500122070313,365.3500061035156,379.25,30181,HONASA.BO
2024-03-27,379.25,406.2999877929688,379.25,395.8999938964844,18363,HONASA.BO
2024-03-28,390.0499877929688,404.4500122070313,387.9500122070313,402.0,39707,HONASA.BO
2024-04-01,410.3999938964844,419.2999877929688,404.5,407.4500122070313,18171,HONASA.BO
2024-04-02,406.5499877929688,414.0,401.0,408.3500061035156,20893,HONASA.BO
2024-04-03,410.9500122070313,414.3999938964844,405.6000061035156,411.0,9263,HONASA.BO
2024-04-04,416.9500122070313,416.9500122070313,408.1000061035156,412.0,16101,HONASA.BO
2024-04-05,401.5499877929688,411.6000061035156,401.5499877929688,404.75,6345,HONASA.BO
2024-04-08,403.8999938964844,410.4500122070313,392.5499877929688,396.8999938964844,21641,HONASA.BO
2024-04-09,396.8999938964844,402.75,390.8500061035156,400.4500122070313,8389,HONASA.BO
2024-04-10,409.3500061035156,409.3500061035156,389.4500122070313,391.9500122070313,19328,HONASA.BO
2024-04-12,394.6499938964844,398.7000122070313,392.0,396.7000122070313,10032,HONASA.BO
2024-04-15,380.0499877929688,398.0499877929688,380.0499877929688,394.6000061035156,6461,HONASA.BO
2024-04-16,386.75,394.0499877929688,375.0,382.8500061035156,1468632,HONASA.BO
2024-04-18,381.5,387.8999938964844,378.5,382.5,25563,HONASA.BO
2024-04-19,377.7000122070313,392.0,375.0,385.75,12227,HONASA.BO
2024-04-22,398.0499877929688,406.25,394.0,404.2999877929688,15002,HONASA.BO
2024-04-23,413.9500122070313,446.2000122070313,412.0,438.7000122070313,114857,HONASA.BO
2024-04-24,436.8500061035156,438.1000061035156,423.8500061035156,426.8999938964844,46614,HONASA.BO
2024-04-25,426.0,430.7999877929688,420.4500122070313,422.75,9277,HONASA.BO
2024-04-26,423.9500122070313,430.4500122070313,420.0,429.0499877929688,10491,HONASA.BO
2024-04-29,437.5499877929688,444.25,423.0499877929688,425.3500061035156,39465,HONASA.BO
2024-04-30,435.7999877929688,437.8500061035156,425.25,431.4500122070313,18081,HONASA.BO
2024-05-02,436.0499877929688,436.0499877929688,420.0,424.6000061035156,24228,HONASA.BO
2024-05-03,423.6499938964844,424.2999877929688,412.0,419.8500061035156,25184,HONASA.BO
2024-05-06,411.5,428.7999877929688,411.5,426.6499938964844,11779,HONASA.BO
2024-05-07,430.4500122070313,430.4500122070313,417.8999938964844,427.6000061035156,11872,HONASA.BO
2024-05-08,421.75,433.2000122070313,421.75,431.7999877929688,25335,HONASA.BO
2024-05-09,433.9500122070313,433.9500122070313,422.75,428.2000122070313,21333,HONASA.BO
2024-05-10,423.9500122070313,430.2999877929688,416.0499877929688,428.7000122070313,10708,HONASA.BO
2024-05-13,420.1499938964844,429.3999938964844,420.1499938964844,425.7000122070313,8926,HONASA.BO
2024-05-14,426.0,426.0499877929688,413.8999938964844,416.25,13098,HONASA.BO
2024-05-15,423.0499877929688,423.0499877929688,408.6499938964844,416.4500122070313,9232,HONASA.BO
2024-05-16,416.1499938964844,417.25,403.0,412.7000122070313,22793,HONASA.BO
2024-05-17,415.0,417.0,398.1000061035156,400.75,1044788,HONASA.BO
2024-05-21,406.3500061035156,429.0,404.4500122070313,424.5,41413,HONASA.BO
2024-05-22,424.5,432.5499877929688,422.3999938964844,426.4500122070313,23439,HONASA.BO
2024-05-23,426.1000061035156,431.25,416.5499877929688,418.1000061035156,29842,HONASA.BO
2024-05-24,444.8500061035156,447.7000122070313,426.75,430.5,102716,HONASA.BO
2024-05-27,430.1499938964844,436.0,418.6499938964844,426.1499938964844,24686,HONASA.BO
2024-05-28,420.0,429.7000122070313,415.5,420.7999877929688,18058,HONASA.BO
2024-05-29,419.7999877929688,429.0,414.8500061035156,427.7000122070313,20558,HONASA.BO
2024-05-30,422.0,425.8500061035156,417.1000061035156,422.2999877929688,21939,HONASA.BO
2024-05-31,400.0499877929688,447.5,400.0499877929688,441.6499938964844,75512,HONASA.BO
2024-06-03,448.0499877929688,459.8999938964844,444.8500061035156,458.2000122070313,94329,HONASA.BO
2024-06-04,472.0,472.0,380.0,416.1000061035156,22572,HONASA.BO
2024-06-05,410.25,461.1000061035156,410.25,459.8500061035156,85909,HONASA.BO
2024-06-06,460.3999938964844,460.4500122070313,438.0,439.4500122070313,32283,HONASA.BO
2024-06-07,445.9500122070313,445.9500122070313,435.7000122070313,437.5,9862,HONASA.BO
2024-06-10,438.0,460.0,438.0,457.7000122070313,25000,HONASA.BO
2024-06-11,440.6000061035156,443.7000122070313,426.25,435.2999877929688,7059016,HONASA.BO
2024-06-12,441.75,449.0,428.6499938964844,430.5499877929688,62428,HONASA.BO
2024-06-13,437.4500122070313,437.4500122070313,431.2000122070313,434.8500061035156,43960,HONASA.BO
2024-06-14,435.0,436.75,424.8500061035156,427.6499938964844,18218,HONASA.BO
2024-06-18,428.1000061035156,435.5,428.1000061035156,431.2000122070313,13624,HONASA.BO
2024-06-19,431.8500061035156,439.75,421.5499877929688,427.7000122070313,39460,HONASA.BO
2024-06-20,428.3999938964844,428.3999938964844,418.8500061035156,426.3500061035156,28732,HONASA.BO
2024-06-21,427.1000061035156,455.0,423.9500122070313,449.8500061035156,174055,HONASA.BO
2024-06-24,449.8500061035156,457.8999938964844,438.7000122070313,455.5,26076,HONASA.BO
2024-06-25,455.0,457.2999877929688,445.1499938964844,452.0,27455,HONASA.BO
2024-06-26,449.8500061035156,458.0,441.2999877929688,444.5499877929688,13413,HONASA.BO
2024-06-27,439.0,445.25,428.75,437.4500122070313,20406,HONASA.BO
2024-06-28,434.3999938964844,446.0499877929688,417.3999938964844,433.75,23905,HONASA.BO
2024-07-01,432.0499877929688,448.9500122070313,432.0499877929688,441.1499938964844,21383,HONASA.BO
2024-07-02,436.0,445.0,433.0,434.3999938964844,9021,HONASA.BO
2024-07-03,443.1000061035156,443.1000061035156,432.5499877929688,435.2000122070313,8997,HONASA.BO
2024-07-04,434.0,503.0499877929688,434.0,486.2999877929688,309360,HONASA.BO
2024-07-05,497.9500122070313,502.2000122070313,471.0,482.0499877929688,74027,HONASA.BO
2024-07-08,481.75,485.5,457.5499877929688,460.5499877929688,32184,HONASA.BO
2024-07-09,469.7999877929688,471.5499877929688,452.1000061035156,454.8500061035156,23907,HONASA.BO
2024-07-10,455.75,474.3999938964844,455.75,469.9500122070313,74550,HONASA.BO
2024-07-11,474.5,484.75,466.2999877929688,473.5499877929688,26279,HONASA.BO
2024-07-12,475.0,478.8500061035156,466.3999938964844,475.0499877929688,14830,HONASA.BO
2024-07-15,469.6499938964844,487.0,469.6499938964844,479.5,19820,HONASA.BO
2024-07-16,480.5,501.8999938964844,476.2999877929688,484.75,65124,HONASA.BO
2024-07-18,478.1000061035156,485.5499877929688,470.0499877929688,482.1499938964844,31160,HONASA.BO
2024-07-19,482.1499938964844,491.3999938964844,456.8999938964844,459.8500061035156,12331,HONASA.BO
2024-07-22,462.5,468.6000061035156,450.8500061035156,463.3999938964844,10236,HONASA.BO
2024-07-23,457.7000122070313,469.5,454.1000061035156,466.3500061035156,32783,HONASA.BO
2024-07-24,461.0499877929688,468.5,461.0499877929688,465.75,8247,HONASA.BO
2024-07-25,458.0,465.6499938964844,458.0,463.0,7029,HONASA.BO
2024-07-26,462.0,468.75,459.1000061035156,466.0,4973,HONASA.BO
2024-07-29,472.0,480.75,458.1499938964844,463.0499877929688,18569,HONASA.BO
2024-07-30,462.25,480.8999938964844,462.0499877929688,475.8999938964844,16618,HONASA.BO
2024-07-31,480.3500061035156,480.3500061035156,462.75,464.5,6871,HONASA.BO
2024-08-01,465.0,469.1000061035156,457.1000061035156,462.5,5439,HONASA.BO
2024-08-02,451.6499938964844,460.0,447.5,454.75,13716,HONASA.BO
2024-08-05,440.0,460.8999938964844,440.0,455.7000122070313,24491,HONASA.BO
2024-08-06,464.8500061035156,471.7999877929688,447.25,449.7999877929688,10347,HONASA.BO
2024-08-07,455.0,458.3999938964844,445.75,455.9500122070313,8729,HONASA.BO
2024-08-08,460.0,503.0,451.8500061035156,496.3500061035156,143234,HONASA.BO
2024-08-09,500.3999938964844,508.1000061035156,470.4500122070313,473.6000061035156,97375,HONASA.BO
2024-08-12,497.8500061035156,497.8500061035156,444.4500122070313,451.6499938964844,275380,HONASA.BO
2024-08-13,460.75,472.0,453.7999877929688,464.7999877929688,91147,HONASA.BO
2024-08-14,465.0,472.5499877929688,463.8999938964844,470.0,19340,HONASA.BO
2024-08-16,470.6000061035156,475.0,458.7000122070313,464.3999938964844,16784,HONASA.BO
2024-08-19,473.7000122070313,473.7000122070313,461.2000122070313,470.6499938964844,15552,HONASA.BO
2024-08-20,462.6499938964844,477.3999938964844,462.6499938964844,465.2999877929688,14297,HONASA.BO
2024-08-21,466.0,477.0,464.0,467.4500122070313,21296,HONASA.BO
2024-08-22,477.0,477.0,462.0499877929688,472.2000122070313,9553,HONASA.BO
2024-08-23,471.0,473.5499877929688,466.7999877929688,469.2000122070313,3913,HONASA.BO
2024-08-26,460.2000122070313,537.8499755859375,460.2000122070313,507.3999938964844,998844,HONASA.BO
2024-08-28,515.0,521.5,507.3500061035156,512.5,29795,HONASA.BO
2024-08-29,519.9000244140625,535.5999755859375,509.5,513.8499755859375,55918,HONASA.BO
2024-08-30,515.1500244140625,520.4000244140625,502.75,506.0499877929688,50461,HONASA.BO
2024-09-02,511.7000122070313,515.0,497.0,504.2000122070313,34283,HONASA.BO
2024-09-03,505.0499877929688,531.2000122070312,496.5499877929688,505.4500122070313,157382,HONASA.BO
2024-09-04,514.5999755859375,518.9000244140625,501.1000061035156,503.0,48524,HONASA.BO
2024-09-05,505.25,528.0999755859375,505.25,525.4500122070312,104490,HONASA.BO
2024-09-06,521.3499755859375,538.2999877929688,521.3499755859375,531.75,145070,HONASA.BO
2024-09-09,451.0499877929688,527.4500122070312,451.0499877929688,519.7000122070312,149330,HONASA.BO
2024-09-10,520.0,546.5,519.7000122070312,541.4500122070312,41071,HONASA.BO
2024-09-11,543.0,543.5,514.4500122070312,522.0,60951,HONASA.BO
2024-09-12,500.1000061035156,508.6000061035156,490.1499938964844,493.3999938964844,2497143,HONASA.BO
2024-09-13,499.5499877929688,503.8500061035156,490.0,493.4500122070313,74624,HONASA.BO
2024-09-16,494.5499877929688,494.5499877929688,463.7000122070313,476.3999938964844,109178,HONASA.BO
2024-09-17,483.5,483.5,463.25,479.5499877929688,81148,HONASA.BO
2024-09-18,473.5499877929688,482.5,466.0,470.25,35005,HONASA.BO
2024-09-19,471.0,474.0,452.25,470.4500122070313,89721,HONASA.BO
2024-09-20,469.0499877929688,490.0,462.5,478.6000061035156,112896,HONASA.BO
2024-09-23,476.3500061035156,492.0,476.3500061035156,488.6499938964844,54480,HONASA.BO
2024-09-24,491.25,493.9500122070313,469.3999938964844,473.2000122070313,56478,HONASA.BO
2024-09-25,480.0,482.7000122070313,470.0,476.5,15872,HONASA.BO
2024-09-26,475.0,481.5499877929688,470.4500122070313,477.4500122070313,16672,HONASA.BO
2024-09-27,486.6000061035156,486.6000061035156,455.0,456.6000061035156,34603,HONASA.BO
2024-09-30,457.0499877929688,464.0,443.3500061035156,458.5499877929688,31567,HONASA.BO
2024-10-01,452.5,457.25,442.4500122070313,454.75,50941,HONASA.BO
2024-10-03,445.7000122070313,453.3999938964844,443.8500061035156,445.9500122070313,21491,HONASA.BO
2024-10-04,443.0,448.0,425.0,427.9500122070313,56221,HONASA.BO
2024-10-07,427.9500122070313,437.4500122070313,423.4500122070313,431.5,32944,HONASA.BO
2024-10-08,432.0,446.8500061035156,417.2000122070313,444.0499877929688,28198,HONASA.BO
2024-10-09,449.9500122070313,449.9500122070313,430.0499877929688,432.2000122070313,30866,HONASA.BO
2024-10-10,429.0499877929688,433.1499938964844,422.5,423.5499877929688,23361,HONASA.BO
2024-10-11,425.1499938964844,433.1000061035156,424.5,429.0499877929688,28810,HONASA.BO
2024-10-14,429.0499877929688,431.8999938964844,422.9500122070313,425.0,8297,HONASA.BO
2024-10-15,426.0,430.5,423.0,428.8999938964844,20152,HONASA.BO
2024-10-16,426.0499877929688,430.1000061035156,409.1000061035156,410.7999877929688,19678,HONASA.BO
2024-10-17,410.0,429.2999877929688,408.2000122070313,424.2999877929688,1694322,HONASA.BO
2024-10-18,423.0,430.7999877929688,419.6499938964844,422.25,35308,HONASA.BO
2024-10-21,416.0499877929688,427.1000061035156,416.0499877929688,418.4500122070313,5942,HONASA.BO
2024-10-22,410.6499938964844,418.8999938964844,400.0499877929688,405.5,18901,HONASA.BO
2024-10-23,398.5,408.75,396.5,399.9500122070313,20183,HONASA.BO
2024-10-24,399.9500122070313,416.2999877929688,399.25,411.8500061035156,28792,HONASA.BO
2024-10-25,407.8999938964844,414.6000061035156,393.75,399.7000122070313,15264,HONASA.BO
2024-10-28,399.75,410.9500122070313,393.8500061035156,407.0499877929688,9941,HONASA.BO
2024-10-29,415.0,415.0,394.0,400.0,12781,HONASA.BO
2024-10-31,405.0,408.6000061035156,393.0,393.8500061035156,18818,HONASA.BO
2024-11-01,394.1499938964844,401.75,392.8500061035156,395.2000122070313,2350,HONASA.BO
2024-11-04,395.0,402.0,388.8999938964844,390.2999877929688,33916,HONASA.BO
2024-11-06,386.8999938964844,396.75,381.3999938964844,387.8500061035156,11870,HONASA.BO
2024-11-07,394.5499877929688,394.5499877929688,373.2000122070313,379.0499877929688,25826,HONASA.BO
2024-11-08,383.0,386.8500061035156,372.5499877929688,381.8500061035156,30774,HONASA.BO
2024-11-11,381.7999877929688,382.8500061035156,376.0499877929688,380.25,26355,HONASA.BO
2024-11-12,383.9500122070313,387.9500122070313,372.6000061035156,374.1499938964844,16223,HONASA.BO
2024-11-13,372.0,378.0,355.8999938964844,364.3500061035156,31907,HONASA.BO
2024-11-14,360.5,378.8999938964844,360.5,369.75,34794,HONASA.BO
2024-11-18,319.95001220703125,319.95001220703125,295.79998779296875,295.79998779296875,92813,HONASA.BO
2024-11-19,252.0,270.04998779296875,242.6000061035156,263.75,543332,HONASA.BO
2024-11-21,266.95001220703125,268.20001220703125,237.3999938964844,237.3999938964844,209407,HONASA.BO
2024-11-22,240.3500061035156,241.0,222.1499938964844,224.3000030517578,141459,HONASA.BO
2024-11-25,229.5500030517578,232.1000061035156,223.0,226.8999938964844,57278,HONASA.BO
2024-11-26,232.1499938964844,232.1499938964844,223.0,225.3500061035156,100292,HONASA.BO
2024-11-27,228.8500061035156,234.5,223.8999938964844,228.6999969482422,135332,HONASA.BO
2024-11-28,235.8999938964844,251.5500030517578,233.0,251.5500030517578,216889,HONASA.BO
2024-11-29,258.25,276.70001220703125,257.8500061035156,263.25,173367,HONASA.BO
2024-12-02,265.0,266.0,253.6000061035156,262.3500061035156,65089,HONASA.BO
2024-12-03,263.3999938964844,267.1000061035156,257.5,261.70001220703125,75496,HONASA.BO
2024-12-04,271.04998779296875,287.8500061035156,268.04998779296875,278.3500061035156,597593,HONASA.BO
2024-12-05,279.3999938964844,282.0,267.5,273.70001220703125,144402,HONASA.BO
2024-12-06,275.75,280.0,264.0,266.3500061035156,90741,HONASA.BO
2024-12-09,266.3999938964844,269.6000061035156,262.0,264.95001220703125,115095,HONASA.BO
2024-12-10,266.95001220703125,266.95001220703125,253.1000061035156,255.25,63364,HONASA.BO
2024-12-11,257.29998779296875,264.3500061035156,249.6499938964844,260.1499938964844,80369,HONASA.BO
2024-12-12,264.0,264.0,248.3000030517578,250.5500030517578,43605,HONASA.BO
2024-12-13,253.75,254.4499969482422,247.1499938964844,248.3500061035156,41568,HONASA.BO
2024-12-16,251.0500030517578,251.0500030517578,244.1499938964844,248.5,73245,HONASA.BO
2024-12-17,250.5,253.1499938964844,244.8000030517578,246.1999969482422,75508,HONASA.BO
2024-12-18,243.0500030517578,259.3500061035156,241.8000030517578,252.1499938964844,240325,HONASA.BO
2024-12-19,252.3500061035156,259.1499938964844,246.1000061035156,257.8500061035156,80178,HONASA.BO
2024-12-20,257.0,264.1499938964844,252.3999938964844,260.0,130479,HONASA.BO
2024-12-23,263.95001220703125,264.25,251.5,252.9499969482422,105860,HONASA.BO
2024-12-24,253.1000061035156,256.3500061035156,250.8999938964844,254.0500030517578,48575,HONASA.BO
2024-12-26,256.95001220703125,257.3999938964844,251.0,251.6999969482422,36561,HONASA.BO
2024-12-27,251.6000061035156,252.8999938964844,245.6499938964844,247.0500030517578,18682,HONASA.BO
2024-12-30,247.1499938964844,254.3999938964844,244.0,250.3500061035156,34172,HONASA.BO
2024-12-31,251.6499938964844,256.8999938964844,247.6499938964844,255.0,19560,HONASA.BO
2025-01-01,251.0,256.6000061035156,248.6499938964844,249.1999969482422,21725,HONASA.BO
2025-01-02,249.25,252.1000061035156,248.3000030517578,250.1000061035156,14394,HONASA.BO
2025-01-03,251.0,255.0500030517578,249.1499938964844,252.4499969482422,55850,HONASA.BO
2025-01-06,252.4499969482422,252.4499969482422,242.8999938964844,245.1000061035156,13784,HONASA.BO
2025-01-07,243.6999969482422,248.1000061035156,243.6999969482422,246.1999969482422,33160,HONASA.BO
2025-01-08,249.8999938964844,255.3500061035156,244.0,245.75,39316,HONASA.BO
2025-01-09,247.0500030517578,252.5,243.9499969482422,246.1999969482422,42632,HONASA.BO
2025-01-10,242.5500030517578,245.5,240.6999969482422,241.8500061035156,19372,HONASA.BO
2025-01-13,241.4499969482422,244.5,237.9499969482422,240.8000030517578,72107,HONASA.BO
2025-01-14,238.0500030517578,246.1999969482422,238.0500030517578,244.3000030517578,18889,HONASA.BO
2025-01-15,244.0,249.3000030517578,242.0500030517578,242.8999938964844,31902,HONASA.BO
2025-01-16,247.9499969482422,247.9499969482422,244.3000030517578,246.4499969482422,14551,HONASA.BO
2025-01-17,246.4499969482422,249.0,246.1000061035156,246.4499969482422,34059,HONASA.BO
2025-01-20,247.5,252.8999938964844,246.25,251.0500030517578,13013,HONASA.BO
2025-01-21,253.0,253.0,245.9499969482422,248.1000061035156,7608,HONASA.BO
2025-01-22,250.0,250.1999969482422,243.25,247.8999938964844,42500,HONASA.BO
2025-01-23,247.8999938964844,250.4499969482422,244.0500030517578,248.0,24384,HONASA.BO
2025-01-24,250.0,251.0,242.9499969482422,243.8500061035156,40875,HONASA.BO
2025-01-27,243.8500061035156,243.8500061035156,225.0,230.0,77299,HONASA.BO
2025-01-28,230.0500030517578,236.0,221.3000030517578,224.6499938964844,34661,HONASA.BO
2025-01-29,223.6999969482422,227.5500030517578,221.5500030517578,222.1000061035156,18886,HONASA.BO
2025-01-30,224.0500030517578,226.8999938964844,216.8999938964844,218.6000061035156,48488,HONASA.BO
2025-01-31,216.3000030517578,225.3999938964844,205.25,220.5500030517578,78491,HONASA.BO
2025-02-01,220.5,235.6999969482422,217.1000061035156,228.9499969482422,55302,HONASA.BO
2025-02-03,228.3999938964844,228.3999938964844,221.0500030517578,224.6499938964844,20738,HONASA.BO
2025-02-04,224.5,233.3999938964844,222.3999938964844,232.1999969482422,42608,HONASA.BO
2025-02-05,227.8500061035156,234.4499969482422,223.5,224.3999938964844,24364,HONASA.BO
2025-02-06,228.3999938964844,228.3999938964844,217.8000030517578,219.3999938964844,30446,HONASA.BO
2025-02-07,215.8000030517578,219.3999938964844,208.6999969482422,214.25,107996,HONASA.BO
2025-02-10,210.0500030517578,213.5500030517578,206.0,208.3500061035156,61557,HONASA.BO
2025-02-11,205.3500061035156,208.3500061035156,199.5500030517578,200.8999938964844,44344,HONASA.BO
2025-02-12,202.9499969482422,208.25,197.1499938964844,204.75,55592,HONASA.BO
2025-02-13,208.0,234.8999938964844,208.0,230.3999938964844,599733,HONASA.BO
2025-02-14,219.5500030517578,227.3500061035156,216.5500030517578,222.1000061035156,181142,HONASA.BO
2025-02-17,225.9499969482422,226.3500061035156,217.3000030517578,223.5500030517578,53815,HONASA.BO
2025-02-18,227.75,227.75,217.5,220.1999969482422,39661,HONASA.BO
2025-02-19,217.0,226.75,216.1499938964844,225.6999969482422,19144,HONASA.BO
2025-02-20,225.0,231.8500061035156,223.5,227.6499938964844,31727,HONASA.BO
2025-02-21,230.3999938964844,230.3999938964844,222.8999938964844,223.8500061035156,21294,HONASA.BO
2025-02-24,222.9499969482422,225.25,218.6000061035156,223.3500061035156,42472,HONASA.BO
2025-02-25,220.0,225.9499969482422,220.0,221.8000030517578,22520,HONASA.BO
2025-02-27,226.0,226.0,218.8500061035156,223.8999938964844,9302,HONASA.BO
2025-02-28,218.0500030517578,222.3999938964844,213.5,216.0500030517578,22313,HONASA.BO
2025-03-03,215.75,219.6000061035156,203.4499969482422,209.8000030517578,41932,HONASA.BO
2025-03-04,202.0,217.8999938964844,202.0,217.5500030517578,25572,HONASA.BO
2025-03-05,213.6000061035156,218.5,213.6000061035156,216.1999969482422,38160,HONASA.BO
2025-03-06,217.0,222.6999969482422,217.0,222.1000061035156,36358,HONASA.BO
2025-03-07,218.0,226.5500030517578,218.0,222.1000061035156,45155,HONASA.BO
2025-03-10,228.0,228.0,215.8999938964844,217.1499938964844,26467,HONASA.BO
2025-03-11,212.25,217.1000061035156,209.8999938964844,215.0,69468,HONASA.BO
2025-03-12,212.0,218.3000030517578,212.0,214.5,21852,HONASA.BO
2025-03-13,215.8999938964844,215.8999938964844,208.3999938964844,209.4499969482422,39035,HONASA.BO
2025-03-17,208.5500030517578,210.5500030517578,204.8500061035156,207.9499969482422,842861,HONASA.BO
2025-03-18,208.6499938964844,213.4499969482422,206.8500061035156,212.1999969482422,48329,HONASA.BO
2025-03-19,217.0,223.8500061035156,212.9499969482422,220.0,40889,HONASA.BO
2025-03-20,222.3000030517578,225.8500061035156,218.8000030517578,222.1999969482422,18833,HONASA.BO
2025-03-21,223.0,225.5,219.9499969482422,220.8500061035156,11652,HONASA.BO
2025-03-24,225.1999969482422,244.3999938964844,221.0500030517578,234.8000030517578,145802,HONASA.BO
2025-03-25,237.9499969482422,244.6000061035156,232.9499969482422,237.8500061035156,49695,HONASA.BO
2025-03-26,238.0,239.0500030517578,232.1000061035156,235.4499969482422,15992,HONASA.BO
2025-03-27,237.8999938964844,237.8999938964844,229.0500030517578,234.5,38589,HONASA.BO
2025-03-28,229.5,236.5500030517578,225.6999969482422,232.1000061035156,16581,HONASA.BO
2025-04-01,230.0,236.3000030517578,229.8999938964844,234.5,18431,HONASA.BO
2025-04-02,233.8500061035156,238.75,232.8000030517578,236.3000030517578,10265,HONASA.BO
2025-04-03,229.3500061035156,241.6000061035156,229.3500061035156,236.75,21732,HONASA.BO
2025-04-04,240.6499938964844,240.6499938964844,231.8000030517578,234.75,9141,HONASA.BO
2025-04-07,190.0,226.1999969482422,190.0,221.9499969482422,52423,HONASA.BO
2025-04-08,222.0,228.0,222.0,224.8500061035156,10373,HONASA.BO
2025-04-09,227.8500061035156,227.8500061035156,216.25,218.0500030517578,7269,HONASA.BO
2025-04-11,221.75,232.6999969482422,220.8500061035156,231.4499969482422,12749,HONASA.BO
2025-04-15,236.8999938964844,236.8999938964844,228.75,228.8999938964844,10433,HONASA.BO
2025-04-16,229.0500030517578,232.4499969482422,229.0500030517578,229.9499969482422,4637,HONASA.BO
2025-04-17,230.0500030517578,239.6999969482422,229.25,233.5,41233,HONASA.BO
2025-04-21,233.5,240.9499969482422,231.8500061035156,233.8999938964844,64355,HONASA.BO
2025-04-22,234.0,236.0,230.4499969482422,234.4499969482422,47764,HONASA.BO
2025-04-23,231.3500061035156,239.5500030517578,227.6000061035156,235.8000030517578,58615,HONASA.BO
2025-04-24,230.0,242.6999969482422,230.0,237.6000061035156,92438,HONASA.BO
2025-04-25,237.6499938964844,239.1499938964844,227.3500061035156,231.8000030517578,53923,HONASA.BO
2025-04-28,228.1499938964844,234.8000030517578,228.1499938964844,232.6000061035156,18200,HONASA.BO
2025-04-29,233.5,251.0,233.5,249.0,118842,HONASA.BO
2025-04-30,248.3500061035156,255.8000030517578,245.1000061035156,246.0,55432,HONASA.BO
2025-05-02,244.0,253.8999938964844,239.9499969482422,252.6499938964844,17775,HONASA.BO
2025-05-05,258.0,258.0,250.1000061035156,251.3000030517578,40281,HONASA.BO
2025-05-06,250.1000061035156,255.5,250.0,251.0500030517578,15952,HONASA.BO
2025-05-07,244.8000030517578,251.5,239.8000030517578,248.75,13999,HONASA.BO
2025-05-08,246.0,253.0,245.3999938964844,246.8999938964844,25680,HONASA.BO
2025-05-09,232.1499938964844,249.8500061035156,232.1499938964844,245.9499969482422,18435,HONASA.BO
2025-05-12,257.0,257.0,246.1499938964844,248.0,7436,HONASA.BO
2025-05-13,250.0,257.8500061035156,247.8500061035156,256.20001220703125,33739,HONASA.BO
2025-05-14,256.20001220703125,262.1000061035156,254.8500061035156,256.6000061035156,12993,HONASA.BO
2025-05-15,255.3000030517578,259.20001220703125,253.6000061035156,254.5500030517578,29762,HONASA.BO
2025-05-16,250.6000061035156,266.29998779296875,250.6000061035156,261.6499938964844,47094,HONASA.BO
2025-05-19,261.95001220703125,269.29998779296875,259.25,268.1000061035156,18058,HONASA.BO
2025-05-20,260.20001220703125,273.6000061035156,260.20001220703125,272.25,52788,HONASA.BO
2025-05-21,272.1000061035156,274.75,266.5,270.3999938964844,39159,HONASA.BO
2025-05-22,269.04998779296875,277.29998779296875,266.8999938964844,275.45001220703125,19676,HONASA.BO
2025-05-23,282.95001220703125,330.5,282.95001220703125,330.20001220703125,1535582,HONASA.BO
2025-05-26,325.6499938964844,327.0,307.8999938964844,315.1000061035156,390664,HONASA.BO
2025-05-27,315.1000061035156,323.25,306.54998779296875,317.70001220703125,75440,HONASA.BO
2025-05-28,318.75,318.75,307.0,310.0,18815,HONASA.BO
2025-05-29,312.95001220703125,324.1499938964844,309.3500061035156,322.75,55561,HONASA.BO
2025-05-30,325.1499938964844,325.1499938964844,310.5,316.79998779296875,21102,HONASA.BO
2025-06-02,313.6000061035156,317.29998779296875,309.95001220703125,314.75,17475,HONASA.BO
2025-06-03,312.04998779296875,316.29998779296875,308.70001220703125,312.29998779296875,11697,HONASA.BO
2025-06-04,316.29998779296875,329.0,313.1000061035156,319.04998779296875,23686,HONASA.BO
2025-06-05,325.0,329.45001220703125,312.25,315.54998779296875,48074,HONASA.BO
2025-06-06,314.6499938964844,321.0,312.95001220703125,319.79998779296875,29147,HONASA.BO
2025-06-09,328.8500061035156,334.0,318.04998779296875,322.6499938964844,25391,HONASA.BO
2025-06-10,325.0,329.1000061035156,315.3500061035156,318.45001220703125,29816,HONASA.BO
2025-06-11,314.0,320.45001220703125,311.54998779296875,316.29998779296875,8087,HONASA.BO
2025-06-12,324.5,324.5,310.54998779296875,311.95001220703125,14664,HONASA.BO
2025-06-13,309.0,309.5,303.20001220703125,307.0,9081,HONASA.BO
2025-06-16,308.0,310.8500061035156,304.8999938964844,310.0,9732,HONASA.BO
2025-06-17,309.79998779296875,311.0,300.3500061035156,303.3500061035156,18636,HONASA.BO
2025-06-18,310.70001220703125,310.70001220703125,302.6000061035156,307.8500061035156,4692,HONASA.BO
2025-06-19,305.5,308.3999938964844,303.79998779296875,305.6499938964844,8400,HONASA.BO
2025-06-20,300.1000061035156,311.3500061035156,296.04998779296875,301.79998779296875,37817,HONASA.BO
2025-06-23,295.3500061035156,305.3500061035156,295.3500061035156,303.6499938964844,15945,HONASA.BO
2025-06-24,303.04998779296875,313.70001220703125,302.54998779296875,311.0,13572,HONASA.BO
2025-06-25,310.0,314.3999938964844,308.0,312.8999938964844,12967,HONASA.BO
2025-06-26,310.8500061035156,316.45001220703125,304.8999938964844,312.95001220703125,28078,HONASA.BO
2025-06-27,305.25,322.0,305.25,310.3500061035156,29798,HONASA.BO
2025-06-30,316.0,316.0,308.0,310.70001220703125,7640,HONASA.BO
2025-07-01,312.0,312.0,301.1499938964844,302.20001220703125,13570,HONASA.BO
2025-07-02,302.54998779296875,302.54998779296875,292.8500061035156,295.25,18452,HONASA.BO
2025-07-03,295.04998779296875,300.45001220703125,292.70001220703125,299.3500061035156,7568,HONASA.BO
2025-07-04,305.0,305.0,293.6000061035156,295.5,17184,HONASA.BO
2025-07-07,299.8999938964844,301.0,292.8500061035156,296.3500061035156,18632,HONASA.BO
2025-07-08,298.0,308.70001220703125,294.29998779296875,297.5,96909,HONASA.BO
2025-07-09,296.5,302.45001220703125,296.5,301.54998779296875,20257,HONASA.BO
2025-07-10,306.6499938964844,306.6499938964844,298.5,301.6499938964844,8547,HONASA.BO
2025-07-11,299.45001220703125,302.54998779296875,293.5,294.3999938964844,15394,HONASA.BO
2025-07-14,295.3999938964844,295.3999938964844,286.8999938964844,289.54998779296875,31520,HONASA.BO
2025-07-15,293.0,300.8999938964844,291.6000061035156,299.45001220703125,22451,HONASA.BO
2025-07-16,299.45001220703125,299.45001220703125,295.70001220703125,297.1499938964844,7292,HONASA.BO
2025-07-17,299.75,300.0,293.1499938964844,294.3500061035156,11484,HONASA.BO
2025-07-18,294.3500061035156,294.6000061035156,285.1499938964844,286.20001220703125,16201,HONASA.BO
2025-07-21,289.45001220703125,289.45001220703125,280.75,281.25,11402,HONASA.BO
2025-07-22,283.0,286.0,280.70001220703125,284.25,7706,HONASA.BO
2025-07-23,284.29998779296875,285.0,272.8500061035156,274.25,13664,HONASA.BO
2025-07-24,275.0,277.45001220703125,273.6000061035156,275.1499938964844,11686,HONASA.BO
2025-07-25,272.0,273.04998779296875,262.3999938964844,263.6499938964844,19789,HONASA.BO
2025-07-28,270.0,270.0,260.25,265.6000061035156,11094,HONASA.BO
2025-07-29,263.20001220703125,267.25,261.70001220703125,264.95001220703125,8860,HONASA.BO
2025-07-30,263.79998779296875,270.5,263.0,268.79998779296875,11606,HONASA.BO
2025-07-31,266.6000061035156,277.8500061035156,261.54998779296875,272.1000061035156,23158,HONASA.BO
2025-08-01,267.1499938964844,276.6499938964844,267.1499938964844,271.5,30008,HONASA.BO
2025-08-04,270.1499938964844,270.6499938964844,264.0,265.70001220703125,20737,HONASA.BO
2025-08-05,260.3500061035156,269.54998779296875,257.6000061035156,261.75,22090,HONASA.BO
2025-08-06,263.95001220703125,264.54998779296875,258.79998779296875,262.45001220703125,13689,HONASA.BO
2025-08-07,314.8999938964844,314.8999938964844,258.5,262.95001220703125,18735,HONASA.BO
2025-08-08,266.0,266.0,257.25,259.29998779296875,8773,HONASA.BO
2025-08-11,258.5,268.45001220703125,255.3000030517578,266.20001220703125,16302,HONASA.BO
2025-08-12,266.20001220703125,274.1000061035156,263.04998779296875,268.1000061035156,31124,HONASA.BO
2025-08-13,278.3500061035156,304.79998779296875,278.3500061035156,285.25,1118730,HONASA.BO
2025-08-14,285.6499938964844,288.20001220703125,277.1499938964844,279.6499938964844,83059,HONASA.BO
2025-08-18,278.45001220703125,288.8999938964844,274.8999938964844,284.29998779296875,112580,HONASA.BO
2025-08-19,287.79998779296875,287.79998779296875,280.45001220703125,285.5,19034,HONASA.BO
2025-08-20,285.95001220703125,299.29998779296875,285.25,297.6499938964844,36643,HONASA.BO
2025-08-21,301.8500061035156,303.45001220703125,294.5,300.04998779296875,70252,HONASA.BO
2025-08-22,299.04998779296875,309.6000061035156,296.79998779296875,300.3999938964844,98741,HONASA.BO
2025-08-25,303.3500061035156,304.1000061035156,297.54998779296875,299.04998779296875,36071,HONASA.BO
2025-08-26,299.04998779296875,301.29998779296875,294.45001220703125,297.3500061035156,19970,HONASA.BO
2025-08-28,294.95001220703125,296.54998779296875,288.6499938964844,292.8500061035156,30718,HONASA.BO
2025-08-29,292.95001220703125,297.20001220703125,292.20001220703125,293.1499938964844,6684,HONASA.BO
2025-09-01,293.0,299.95001220703125,293.0,298.95001220703125,18190,HONASA.BO
2025-09-02,303.6000061035156,303.6000061035156,296.3999938964844,297.3999938964844,14328,HONASA.BO
2025-09-03,297.04998779296875,304.70001220703125,297.0,301.3999938964844,28974,HONASA.BO
2025-09-04,307.0,307.5,300.1000061035156,302.1000061035156,18111,HONASA.BO
2025-09-05,302.8999938964844,303.75,296.8500061035156,300.20001220703125,20091,HONASA.BO
2025-09-08,299.1499938964844,302.5,297.5,299.8999938964844,11820,HONASA.BO
2025-09-09,301.5,307.20001220703125,299.6000061035156,301.8500061035156,13949,HONASA.BO
2025-09-10,301.8999938964844,304.75,300.5,302.8500061035156,7385,HONASA.BO
2025-09-11,308.0,308.0,299.29998779296875,300.29998779296875,3061,HONASA.BO
2025-09-12,299.8999938964844,302.04998779296875,298.8500061035156,299.6000061035156,7485,HONASA.BO
2025-09-15,300.3500061035156,303.3999938964844,299.0,299.45001220703125,20222,HONASA.BO
2025-09-16,305.45001220703125,307.29998779296875,299.04998779296875,305.8500061035156,14305,HONASA.BO
2025-09-17,306.5,309.04998779296875,301.45001220703125,303.3999938964844,10265,HONASA.BO
2025-09-18,302.20001220703125,306.45001220703125,301.3999938964844,304.54998779296875,10861,HONASA.BO
2025-09-19,304.6000061035156,308.0,300.0,301.5,9619,HONASA.BO
2025-09-22,304.45001220703125,304.45001220703125,298.29998779296875,299.70001220703125,29777,HONASA.BO
2025-09-23,299.04998779296875,302.3999938964844,297.8500061035156,301.20001220703125,6689,HONASA.BO
2025-09-24,295.20001220703125,302.3500061035156,295.20001220703125,300.04998779296875,12014,HONASA.BO
2025-09-25,300.0,300.0,293.1000061035156,295.29998779296875,9131,HONASA.BO
2025-09-26,293.04998779296875,293.1000061035156,280.75,284.70001220703125,41240,HONASA.BO
2025-09-29,287.54998779296875,287.6000061035156,275.5,276.95001220703125,437351,HONASA.BO
2025-09-30,286.95001220703125,286.95001220703125,276.1000061035156,280.54998779296875,9358,HONASA.BO
2025-10-01,280.0,287.6000061035156,278.45001220703125,286.70001220703125,7055,HONASA.BO
2025-10-03,286.70001220703125,294.0,281.3500061035156,292.29998779296875,18667,HONASA.BO
2025-10-06,290.0,296.8500061035156,288.5,295.79998779296875,20095,HONASA.BO
2025-10-07,296.0,297.04998779296875,291.75,294.8999938964844,13158,HONASA.BO
